"","Gene 1","Gene 2","PATHNEScore"
1,9564,717,0.0158425148981058
2,9564,973,0.0515563643653284
3,9564,3078,0
4,9564,2534,0.0955786049205204
5,9564,8517,0.0763448570441415
6,9564,3848,0
7,9564,7462,0
8,9564,10892,0.0647588868119939
9,9564,4153,0.0137815142344428
10,9564,150372,0
11,9564,5788,0.0690903065507458
12,9564,84174,0
13,9564,7070,0.282499665964819
14,9564,7189,0.0555596857180753
15,9564,50852,0
16,9564,7334,0.00383594390626954
17,9564,487,0.0429815108371797
18,9564,489,0.0429815108371797
19,9564,27032,0
20,9564,776,0.0577237987161048
21,9564,781,0
22,9564,784,0.0612663678321782
23,9564,785,0.0612663678321782
24,9564,6355,0.15506593709532
25,9564,1139,0.0300017910608657
26,9564,1447,0.10084520347871
27,9564,10316,0.00915223318605516
28,9564,56923,0.00915223318605516
29,9564,4852,0.055563340215117
30,9564,84876,0.0699711041434016
31,9564,5350,0.0736220642462138
32,9564,6261,0.0620849734306163
33,9564,6263,0.0488668219299382
34,9564,6546,0.0399262893206486
35,9564,6588,0
36,9564,6786,0.0878682714431217
37,9564,57620,0.0373301026624523
38,9564,7220,0.0474237386237444
39,9564,7222,0
40,9564,7223,0
41,9564,7224,0
42,9564,7226,0.104395425211937
43,9564,56302,0.0310793171255026
44,9564,197,0
45,9564,1175,0.0223642390222773
46,9564,382,0.113696789678342
47,9564,566,0
48,9564,867,0.0914688936836658
49,9564,1012,0
50,9564,2624,0
51,9564,26119,0.0423970680756161
52,9564,29763,0
53,9564,5538,0
54,9564,5879,0.100621135733342
55,9564,6441,0.0294775340888869
56,9564,124912,0
57,9564,11037,0
58,9564,85439,0
59,9564,9765,0.0211985340378081
60,717,973,0.00865915681432147
61,717,3078,0
62,717,2534,0.027284884076136
63,717,8517,0.0270451952788136
64,717,3848,0
65,717,7462,0
66,717,10892,0.0428778763635959
67,717,4153,0.264790162816368
68,717,150372,0
69,717,5788,0.0254261323253078
70,717,84174,0
71,717,7070,0.0249578433262644
72,717,7189,0.0571861669746424
73,717,50852,0
74,717,7334,0.00118483412322275
75,717,487,0.0111347996986825
76,717,489,0.0111347996986825
77,717,27032,0
78,717,776,0.012374100276469
79,717,781,0
80,717,784,0.010185987756337
81,717,785,0.010185987756337
82,717,6355,0.0115818048436578
83,717,1139,0.00709785108108364
84,717,1447,0.0242537313432836
85,717,10316,0.012415729017012
86,717,56923,0.012415729017012
87,717,4852,0.0430038876418864
88,717,84876,0.0150061882219141
89,717,5350,0.0122229222374575
90,717,6261,0.0145992956543087
91,717,6263,0.0147388935210347
92,717,6546,0.00693923915114388
93,717,6588,0
94,717,6786,0.0180495235540743
95,717,57620,0.0119582049282572
96,717,7220,0.00663737663273295
97,717,7222,0
98,717,7223,0
99,717,7224,0
100,717,7226,0.0159090909090909
101,717,56302,0.0021551724137931
102,717,197,0
103,717,1175,0.00162290714682839
104,717,382,0.0108651239376992
105,717,566,0
106,717,867,0.0087503605040545
107,717,1012,0
108,717,2624,0
109,717,26119,0.00263793146355424
110,717,29763,0
111,717,5538,0
112,717,5879,0.0181386587958818
113,717,6441,0.0732468764371521
114,717,124912,0
115,717,11037,0
116,717,85439,0
117,717,9765,0.00131896573177712
118,973,3078,0
119,973,2534,0.073870510937879
120,973,8517,0.10433041196881
121,973,3848,0
122,973,7462,0
123,973,10892,0.22112502098483
124,973,4153,0.0057377094356261
125,973,150372,0
126,973,5788,0.22001755519227
127,973,84174,0
128,973,7070,0.0428571428571429
129,973,7189,0.0560420613483798
130,973,50852,0
131,973,7334,0.00290697674418605
132,973,487,0.0239226812163306
133,973,489,0.0239226812163306
134,973,27032,0
135,973,776,0.0272207704715635
136,973,781,0
137,973,784,0.0221260060855145
138,973,785,0.0221260060855145
139,973,6355,0.0473268982290796
140,973,1139,0.0147680422687427
141,973,1447,0.110169491525424
142,973,10316,0
143,973,56923,0
144,973,4852,0.0423041677886405
145,973,84876,0.163036844971961
146,973,5350,0.0380447858867801
147,973,6261,0.0339731462369719
148,973,6263,0.0230511895525934
149,973,6546,0.0107876929841704
150,973,6588,0
151,973,6786,0.034185413236426
152,973,57620,0.0166112956810631
153,973,7220,0.0169060762400413
154,973,7222,0
155,973,7223,0
156,973,7224,0
157,973,7226,0.0661764705882353
158,973,56302,0.00420168067226891
159,973,197,0
160,973,1175,0.00199459327120217
161,973,382,0.0575413996550884
162,973,566,0
163,973,867,0.0644866898353802
164,973,1012,0
165,973,2624,0
166,973,26119,0.00377669241253975
167,973,29763,0
168,973,5538,0
169,973,5879,0.0599354731752063
170,973,6441,0.00973544973544974
171,973,124912,0
172,973,11037,0
173,973,85439,0
174,973,9765,0.00188834620626988
175,3078,2534,0
176,3078,8517,0
177,3078,3848,0
178,3078,7462,0
179,3078,10892,0
180,3078,4153,0
181,3078,150372,0
182,3078,5788,0
183,3078,84174,0
184,3078,7070,0
185,3078,7189,0
186,3078,50852,0
187,3078,7334,0
188,3078,487,0
189,3078,489,0
190,3078,27032,0
191,3078,776,0
192,3078,781,0
193,3078,784,0
194,3078,785,0
195,3078,6355,0
196,3078,1139,0
197,3078,1447,0
198,3078,10316,0
199,3078,56923,0
200,3078,4852,0
201,3078,84876,0
202,3078,5350,0
203,3078,6261,0
204,3078,6263,0
205,3078,6546,0
206,3078,6588,0
207,3078,6786,0
208,3078,57620,0
209,3078,7220,0
210,3078,7222,0
211,3078,7223,0
212,3078,7224,0
213,3078,7226,0
214,3078,56302,0
215,3078,197,0
216,3078,1175,0
217,3078,382,0
218,3078,566,0
219,3078,867,0
220,3078,1012,0
221,3078,2624,0
222,3078,26119,0
223,3078,29763,0
224,3078,5538,0.25
225,3078,5879,0
226,3078,6441,0
227,3078,124912,0
228,3078,11037,0
229,3078,85439,0
230,3078,9765,0.5
231,2534,8517,0.0806789576819867
232,2534,3848,0
233,2534,7462,0
234,2534,10892,0.107940032069647
235,2534,4153,0.0221301681905626
236,2534,150372,0
237,2534,5788,0.081280509505559
238,2534,84174,0
239,2534,7070,0.0843709476773556
240,2534,7189,0.0743558608148023
241,2534,50852,0
242,2534,7334,0.00313696289596274
243,2534,487,0.0415986984567269
244,2534,489,0.0415986984567269
245,2534,27032,0
246,2534,776,0.0565767167431716
247,2534,781,0
248,2534,784,0.0480001557328955
249,2534,785,0.0480001557328955
250,2534,6355,0.0603881424920806
251,2534,1139,0.0366548557418043
252,2534,1447,0.106022570228586
253,2534,10316,0.00537826725600618
254,2534,56923,0.00537826725600618
255,2534,4852,0.0470395050664589
256,2534,84876,0.0702864819033419
257,2534,5350,0.0638283321633956
258,2534,6261,0.0646046207046107
259,2534,6263,0.0487954132524896
260,2534,6546,0.0310365330416747
261,2534,6588,0
262,2534,6786,0.0953039090528894
263,2534,57620,0.0345152255032197
264,2534,7220,0.0480362389209691
265,2534,7222,0
266,2534,7223,0
267,2534,7224,0
268,2534,7226,0.100488931411051
269,2534,56302,0.0235291425405855
270,2534,197,0
271,2534,1175,0.0131172750974983
272,2534,382,0.0692058511313824
273,2534,566,0
274,2534,867,0.0694941469169456
275,2534,1012,0
276,2534,2624,0
277,2534,26119,0.0181302092137986
278,2534,29763,0
279,2534,5538,0
280,2534,5879,0.0741409357238691
281,2534,6441,0.0325648858669128
282,2534,124912,0
283,2534,11037,0
284,2534,85439,0
285,2534,9765,0.00906510460689929
286,8517,3848,0
287,8517,7462,0
288,8517,10892,0.134367800850566
289,8517,4153,0.0118194855340158
290,8517,150372,0
291,8517,5788,0.0761102281952617
292,8517,84174,0
293,8517,7070,0.0541850324789278
294,8517,7189,0.121202043589102
295,8517,50852,0
296,8517,7334,0.0124621869209711
297,8517,487,0.0277358598680082
298,8517,489,0.0277358598680082
299,8517,27032,0
300,8517,776,0.0426035976850528
301,8517,781,0
302,8517,784,0.0423882366733635
303,8517,785,0.0423882366733635
304,8517,6355,0.0848726774991002
305,8517,1139,0.0199252107739804
306,8517,1447,0.125452112912041
307,8517,10316,0.00225173054712181
308,8517,56923,0.00225173054712181
309,8517,4852,0.0709828842318833
310,8517,84876,0.0511079408111103
311,8517,5350,0.0519913125690425
312,8517,6261,0.0372871090225365
313,8517,6263,0.0291512159963931
314,8517,6546,0.0202603522808957
315,8517,6588,0
316,8517,6786,0.0418025260994598
317,8517,57620,0.0180159062030544
318,8517,7220,0.0255038243456899
319,8517,7222,0
320,8517,7223,0
321,8517,7224,0
322,8517,7226,0.0643059978655588
323,8517,56302,0.00938737367370528
324,8517,197,0
325,8517,1175,0.0134190590186084
326,8517,382,0.0722230008337102
327,8517,566,0
328,8517,867,0.0832369247599283
329,8517,1012,0
330,8517,2624,0
331,8517,26119,0.0212347134876844
332,8517,29763,0
333,8517,5538,0
334,8517,5879,0.072227385476409
335,8517,6441,0.020637196396741
336,8517,124912,0
337,8517,11037,0
338,8517,85439,0
339,8517,9765,0.0106173567438422
340,3848,7462,0
341,3848,10892,0
342,3848,4153,0
343,3848,150372,0
344,3848,5788,0
345,3848,84174,0
346,3848,7070,0
347,3848,7189,0
348,3848,50852,0
349,3848,7334,0
350,3848,487,0
351,3848,489,0
352,3848,27032,0
353,3848,776,0
354,3848,781,0
355,3848,784,0
356,3848,785,0
357,3848,6355,0
358,3848,1139,0
359,3848,1447,0
360,3848,10316,0
361,3848,56923,0
362,3848,4852,0
363,3848,84876,0
364,3848,5350,0
365,3848,6261,0
366,3848,6263,0
367,3848,6546,0
368,3848,6588,0
369,3848,6786,0
370,3848,57620,0
371,3848,7220,0
372,3848,7222,0
373,3848,7223,0
374,3848,7224,0
375,3848,7226,0
376,3848,56302,0
377,3848,197,0
378,3848,1175,0
379,3848,382,0
380,3848,566,0
381,3848,867,0
382,3848,1012,0
383,3848,2624,0
384,3848,26119,0
385,3848,29763,0
386,3848,5538,0.25
387,3848,5879,0
388,3848,6441,0
389,3848,124912,0
390,3848,11037,0
391,3848,85439,0
392,3848,9765,0.5
393,7462,10892,0
394,7462,4153,0
395,7462,150372,0
396,7462,5788,0
397,7462,84174,0
398,7462,7070,0
399,7462,7189,0
400,7462,50852,0
401,7462,7334,0
402,7462,487,0
403,7462,489,0
404,7462,27032,0
405,7462,776,0
406,7462,781,0
407,7462,784,0
408,7462,785,0
409,7462,6355,0
410,7462,1139,0
411,7462,1447,0
412,7462,10316,0
413,7462,56923,0
414,7462,4852,0
415,7462,84876,0
416,7462,5350,0
417,7462,6261,0
418,7462,6263,0
419,7462,6546,0
420,7462,6588,0
421,7462,6786,0
422,7462,57620,0
423,7462,7220,0
424,7462,7222,0
425,7462,7223,0
426,7462,7224,0
427,7462,7226,0
428,7462,56302,0
429,7462,197,0
430,7462,1175,0
431,7462,382,0
432,7462,566,0
433,7462,867,0
434,7462,1012,0
435,7462,2624,0
436,7462,26119,0
437,7462,29763,0
438,7462,5538,0.25
439,7462,5879,0
440,7462,6441,0
441,7462,124912,0
442,7462,11037,0
443,7462,85439,0
444,7462,9765,0.5
445,10892,4153,0.0317046015171291
446,10892,150372,0
447,10892,5788,0.145279856176469
448,10892,84174,0
449,10892,7070,0.0582512315270936
450,10892,7189,0.131460117300194
451,10892,50852,0
452,10892,7334,0.0107016680546092
453,10892,487,0.0355976547819881
454,10892,489,0.0355976547819881
455,10892,27032,0
456,10892,776,0.0388454666692534
457,10892,781,0
458,10892,784,0.0342606277237143
459,10892,785,0.0342606277237143
460,10892,6355,0.0709155132814762
461,10892,1139,0.0191578814723107
462,10892,1447,0.134135634521912
463,10892,10316,0
464,10892,56923,0
465,10892,4852,0.0585151751035474
466,10892,84876,0.0558207852034486
467,10892,5350,0.0507519316808747
468,10892,6261,0.0428379108177095
469,10892,6263,0.0359616182466172
470,10892,6546,0.0169186038823339
471,10892,6588,0
472,10892,6786,0.0466073610066226
473,10892,57620,0.0285335289971975
474,10892,7220,0.0195316449243826
475,10892,7222,0
476,10892,7223,0
477,10892,7224,0
478,10892,7226,0.0794293296818815
479,10892,56302,0.00501862922929849
480,10892,197,0
481,10892,1175,0.0086549979475185
482,10892,382,0.0690085239235393
483,10892,566,0
484,10892,867,0.0945940610329734
485,10892,1012,0
486,10892,2624,0
487,10892,26119,0.0137463630928225
488,10892,29763,0
489,10892,5538,0
490,10892,5879,0.0745465512984547
491,10892,6441,0.0535545566719549
492,10892,124912,0
493,10892,11037,0
494,10892,85439,0
495,10892,9765,0.00687318154641123
496,4153,150372,0
497,4153,5788,0.0238935434609096
498,4153,84174,0
499,4153,7070,0.0244639376218324
500,4153,7189,0.0294526359078435
501,4153,50852,0
502,4153,7334,0
503,4153,487,0.0030737410207932
504,4153,489,0.0030737410207932
505,4153,27032,0
506,4153,776,0.00212990111430829
507,4153,781,0
508,4153,784,0.00552501348431544
509,4153,785,0.00552501348431544
510,4153,6355,0.00149386966898034
511,4153,1139,0.00411575979696253
512,4153,1447,0
513,4153,10316,0.0141033249638591
514,4153,56923,0.0141033249638591
515,4153,4852,0.00122449863943666
516,4153,84876,0.00786557666059629
517,4153,5350,0.00437822401826996
518,4153,6261,0.00287446995119989
519,4153,6263,0.0024683128623991
520,4153,6546,0.00478029451994805
521,4153,6588,0
522,4153,6786,0.0128747845507501
523,4153,57620,0.00647547402095355
524,4153,7220,0.0011219512195122
525,4153,7222,0
526,4153,7223,0
527,4153,7224,0
528,4153,7226,0.00213675213675214
529,4153,56302,0.0028735632183908
530,4153,197,0
531,4153,1175,0.0138956537312466
532,4153,382,0.0115011449620677
533,4153,566,0
534,4153,867,0.00289744472538916
535,4153,1012,0
536,4153,2624,0
537,4153,26119,0.0133928123903564
538,4153,29763,0
539,4153,5538,0
540,4153,5879,0.020753263166295
541,4153,6441,0.388582857892321
542,4153,124912,0
543,4153,11037,0
544,4153,85439,0
545,4153,9765,0.00669640619517819
546,150372,5788,0
547,150372,84174,0
548,150372,7070,0
549,150372,7189,0
550,150372,50852,0
551,150372,7334,0
552,150372,487,0
553,150372,489,0
554,150372,27032,0
555,150372,776,0
556,150372,781,0
557,150372,784,0
558,150372,785,0
559,150372,6355,0
560,150372,1139,0
561,150372,1447,0
562,150372,10316,0
563,150372,56923,0
564,150372,4852,0
565,150372,84876,0
566,150372,5350,0
567,150372,6261,0
568,150372,6263,0
569,150372,6546,0
570,150372,6588,0
571,150372,6786,0
572,150372,57620,0
573,150372,7220,0
574,150372,7222,0
575,150372,7223,0
576,150372,7224,0
577,150372,7226,0
578,150372,56302,0
579,150372,197,0
580,150372,1175,0
581,150372,382,0
582,150372,566,0
583,150372,867,0
584,150372,1012,0
585,150372,2624,0
586,150372,26119,0
587,150372,29763,0
588,150372,5538,0.25
589,150372,5879,0
590,150372,6441,0
591,150372,124912,0
592,150372,11037,0
593,150372,85439,0
594,150372,9765,0.5
595,5788,84174,0
596,5788,7070,0.0922537502330417
597,5788,7189,0.053302768526294
598,5788,50852,0
599,5788,7334,0.0046047488762947
600,5788,487,0.0183625103798884
601,5788,489,0.0183625103798884
602,5788,27032,0
603,5788,776,0.0255222099682751
604,5788,781,0
605,5788,784,0.0235596838068862
606,5788,785,0.0235596838068862
607,5788,6355,0.0406850371995957
608,5788,1139,0.0119808867493743
609,5788,1447,0.0787861136999068
610,5788,10316,0
611,5788,56923,0
612,5788,4852,0.029917855425234
613,5788,84876,0.100448659706387
614,5788,5350,0.0337234411642007
615,5788,6261,0.0276294511796764
616,5788,6263,0.0177721417556511
617,5788,6546,0.012838641881541
618,5788,6588,0
619,5788,6786,0.0352769193056383
620,5788,57620,0.0131872620296997
621,5788,7220,0.0180530734735395
622,5788,7222,0
623,5788,7223,0
624,5788,7224,0
625,5788,7226,0.0503408253500368
626,5788,56302,0.00740740740740741
627,5788,197,0
628,5788,1175,0.00712990978560421
629,5788,382,0.124307088526789
630,5788,566,0
631,5788,867,0.0730199983471896
632,5788,1012,0
633,5788,2624,0
634,5788,26119,0.0194782448069048
635,5788,29763,0
636,5788,5538,0
637,5788,5879,0.0557012071639733
638,5788,6441,0.0326181303827289
639,5788,124912,0
640,5788,11037,0
641,5788,85439,0
642,5788,9765,0.00973912240345242
643,84174,7070,0
644,84174,7189,0
645,84174,50852,0
646,84174,7334,0
647,84174,487,0
648,84174,489,0
649,84174,27032,0
650,84174,776,0
651,84174,781,0
652,84174,784,0
653,84174,785,0
654,84174,6355,0
655,84174,1139,0
656,84174,1447,0
657,84174,10316,0
658,84174,56923,0
659,84174,4852,0
660,84174,84876,0
661,84174,5350,0
662,84174,6261,0
663,84174,6263,0
664,84174,6546,0
665,84174,6588,0
666,84174,6786,0
667,84174,57620,0
668,84174,7220,0
669,84174,7222,0
670,84174,7223,0
671,84174,7224,0
672,84174,7226,0
673,84174,56302,0
674,84174,197,0
675,84174,1175,0
676,84174,382,0
677,84174,566,0
678,84174,867,0
679,84174,1012,0
680,84174,2624,0
681,84174,26119,0
682,84174,29763,0
683,84174,5538,0.25
684,84174,5879,0
685,84174,6441,0
686,84174,124912,0
687,84174,11037,0
688,84174,85439,0
689,84174,9765,0.5
690,7070,7189,0.0519482964620382
691,7070,50852,0
692,7070,7334,0
693,7070,487,0.0284609810573995
694,7070,489,0.0284609810573995
695,7070,27032,0
696,7070,776,0.0401993359887157
697,7070,781,0
698,7070,784,0.0442039119838648
699,7070,785,0.0442039119838648
700,7070,6355,0.0587840922058656
701,7070,1139,0.0170128148475475
702,7070,1447,0.0674157303370786
703,7070,10316,0
704,7070,56923,0
705,7070,4852,0.0336137723967409
706,7070,84876,0.0581422524666441
707,7070,5350,0.0564988943889522
708,7070,6261,0.0404902029450389
709,7070,6263,0.0283422474382773
710,7070,6546,0.0296980928058517
711,7070,6588,0
712,7070,6786,0.0736223888923325
713,7070,57620,0.0205479452054795
714,7070,7220,0.0304144419018561
715,7070,7222,0
716,7070,7223,0
717,7070,7224,0
718,7070,7226,0.0778210116731518
719,7070,56302,0.0184049079754601
720,7070,197,0
721,7070,1175,0.00688781235971869
722,7070,382,0.0629165678969634
723,7070,566,0
724,7070,867,0.0486944254921843
725,7070,1012,0
726,7070,2624,0
727,7070,26119,0.00914634146341463
728,7070,29763,0
729,7070,5538,0
730,7070,5879,0.0888642379711262
731,7070,6441,0.05
732,7070,124912,0
733,7070,11037,0
734,7070,85439,0
735,7070,9765,0.00457317073170732
736,7189,50852,0
737,7189,7334,0.0646513111729421
738,7189,487,0.0243848379093527
739,7189,489,0.0243848379093527
740,7189,27032,0
741,7189,776,0.0371114086488588
742,7189,781,0
743,7189,784,0.0415585759605872
744,7189,785,0.0415585759605872
745,7189,6355,0.0626187985054728
746,7189,1139,0.0155196920881639
747,7189,1447,0.10191669238112
748,7189,10316,0.00211353529786829
749,7189,56923,0.00211353529786829
750,7189,4852,0.0493873241143443
751,7189,84876,0.0380125733748899
752,7189,5350,0.0427662445082564
753,7189,6261,0.0319558049240108
754,7189,6263,0.0275992842213515
755,7189,6546,0.0187199022742084
756,7189,6588,0
757,7189,6786,0.0389541385628568
758,7189,57620,0.019993320236144
759,7189,7220,0.017945460378438
760,7189,7222,0
761,7189,7223,0
762,7189,7224,0
763,7189,7226,0.0518868908342531
764,7189,56302,0.00987951165516811
765,7189,197,0
766,7189,1175,0.0245047036796163
767,7189,382,0.066225715827231
768,7189,566,0
769,7189,867,0.0734291737551264
770,7189,1012,0
771,7189,2624,0
772,7189,26119,0.0703642439951948
773,7189,29763,0
774,7189,5538,0
775,7189,5879,0.0603830823341344
776,7189,6441,0.0395862004675923
777,7189,124912,0
778,7189,11037,0
779,7189,85439,0
780,7189,9765,0.0351821219975974
781,50852,7334,0
782,50852,487,0
783,50852,489,0
784,50852,27032,0
785,50852,776,0
786,50852,781,0
787,50852,784,0
788,50852,785,0
789,50852,6355,0
790,50852,1139,0
791,50852,1447,0
792,50852,10316,0
793,50852,56923,0
794,50852,4852,0
795,50852,84876,0
796,50852,5350,0
797,50852,6261,0
798,50852,6263,0
799,50852,6546,0
800,50852,6588,0
801,50852,6786,0
802,50852,57620,0
803,50852,7220,0
804,50852,7222,0
805,50852,7223,0
806,50852,7224,0
807,50852,7226,0
808,50852,56302,0
809,50852,197,0
810,50852,1175,0
811,50852,382,0
812,50852,566,0
813,50852,867,0
814,50852,1012,0
815,50852,2624,0
816,50852,26119,0
817,50852,29763,0
818,50852,5538,0.25
819,50852,5879,0
820,50852,6441,0
821,50852,124912,0
822,50852,11037,0
823,50852,85439,0
824,50852,9765,0.5
825,7334,487,0
826,7334,489,0
827,7334,27032,0
828,7334,776,0.00085070697821838
829,7334,781,0
830,7334,784,0.000728862973760933
831,7334,785,0.000728862973760933
832,7334,6355,0
833,7334,1139,0
834,7334,1447,0.00966183574879227
835,7334,10316,0
836,7334,56923,0
837,7334,4852,0.00161812297734628
838,7334,84876,0.00145348837209302
839,7334,5350,0.00065359477124183
840,7334,6261,0
841,7334,6263,0
842,7334,6546,0
843,7334,6588,0
844,7334,6786,0
845,7334,57620,0
846,7334,7220,0
847,7334,7222,0
848,7334,7223,0
849,7334,7224,0
850,7334,7226,0
851,7334,56302,0
852,7334,197,0
853,7334,1175,0.00887573964497041
854,7334,382,0.0118343195266272
855,7334,566,0
856,7334,867,0.118020688780545
857,7334,1012,0
858,7334,2624,0
859,7334,26119,0.0355029585798817
860,7334,29763,0
861,7334,5538,0
862,7334,5879,0.00325199641530137
863,7334,6441,0
864,7334,124912,0
865,7334,11037,0
866,7334,85439,0
867,7334,9765,0.0177514792899408
868,487,489,0.343183971353396
869,487,27032,0
870,487,776,0.13204162004745
871,487,781,0
872,487,784,0.0831806125862281
873,487,785,0.0831806125862281
874,487,6355,0.0321765733293857
875,487,1139,0.113326122757814
876,487,1447,0.0233047170424244
877,487,10316,0.0565317131097085
878,487,56923,0.0565317131097085
879,487,4852,0.0682706607878177
880,487,84876,0.157800771331287
881,487,5350,0.20107838918158
882,487,6261,0.188368311367197
883,487,6263,0.234644532632978
884,487,6546,0.128910447416368
885,487,6588,0
886,487,6786,0.239044214928815
887,487,57620,0.363428374049429
888,487,7220,0.174447402080937
889,487,7222,0
890,487,7223,0
891,487,7224,0
892,487,7226,0.165803273144323
893,487,56302,0.0953830118015662
894,487,197,0
895,487,1175,0.0593469760062935
896,487,382,0.0318463187142124
897,487,566,0
898,487,867,0.0237812158438827
899,487,1012,0
900,487,2624,0
901,487,26119,0.00948304415800431
902,487,29763,0
903,487,5538,0
904,487,5879,0.036804417549147
905,487,6441,0.00252490050953993
906,487,124912,0
907,487,11037,0
908,487,85439,0
909,487,9765,0.00474152207900215
910,489,27032,0
911,489,776,0.13204162004745
912,489,781,0
913,489,784,0.0831806125862281
914,489,785,0.0831806125862281
915,489,6355,0.0321765733293857
916,489,1139,0.113326122757814
917,489,1447,0.0233047170424244
918,489,10316,0.0565317131097085
919,489,56923,0.0565317131097085
920,489,4852,0.0682706607878177
921,489,84876,0.157800771331287
922,489,5350,0.20107838918158
923,489,6261,0.188368311367197
924,489,6263,0.234644532632978
925,489,6546,0.128910447416368
926,489,6588,0
927,489,6786,0.239044214928815
928,489,57620,0.363428374049429
929,489,7220,0.174447402080937
930,489,7222,0
931,489,7223,0
932,489,7224,0
933,489,7226,0.165803273144323
934,489,56302,0.0953830118015662
935,489,197,0
936,489,1175,0.0593469760062935
937,489,382,0.0318463187142124
938,489,566,0
939,489,867,0.0237812158438827
940,489,1012,0
941,489,2624,0
942,489,26119,0.00948304415800431
943,489,29763,0
944,489,5538,0
945,489,5879,0.036804417549147
946,489,6441,0.00252490050953993
947,489,124912,0
948,489,11037,0
949,489,85439,0
950,489,9765,0.00474152207900215
951,27032,776,0
952,27032,781,0
953,27032,784,0
954,27032,785,0
955,27032,6355,0
956,27032,1139,0
957,27032,1447,0
958,27032,10316,0
959,27032,56923,0
960,27032,4852,0
961,27032,84876,0
962,27032,5350,0
963,27032,6261,0
964,27032,6263,0
965,27032,6546,0
966,27032,6588,0
967,27032,6786,0
968,27032,57620,0
969,27032,7220,0
970,27032,7222,0
971,27032,7223,0
972,27032,7224,0
973,27032,7226,0
974,27032,56302,0
975,27032,197,0
976,27032,1175,0
977,27032,382,0
978,27032,566,0
979,27032,867,0
980,27032,1012,0
981,27032,2624,0
982,27032,26119,0
983,27032,29763,0
984,27032,5538,0.25
985,27032,5879,0
986,27032,6441,0
987,27032,124912,0
988,27032,11037,0
989,27032,85439,0
990,27032,9765,0.5
991,776,781,0
992,776,784,0.156961763565387
993,776,785,0.156961763565387
994,776,6355,0.0493315936895822
995,776,1139,0.0898076369999648
996,776,1447,0.0527368174952607
997,776,10316,0.031631882996178
998,776,56923,0.031631882996178
999,776,4852,0.0898950218768514
1000,776,84876,0.110279324126358
1001,776,5350,0.163212441723801
1002,776,6261,0.173500145502571
1003,776,6263,0.1643905812487
1004,776,6546,0.122331813897601
1005,776,6588,0
1006,776,6786,0.136665937889372
1007,776,57620,0.154247811968273
1008,776,7220,0.15332331660855
1009,776,7222,0
1010,776,7223,0
1011,776,7224,0
1012,776,7226,0.215080883580653
1013,776,56302,0.0817738012067502
1014,776,197,0
1015,776,1175,0.0359508784741167
1016,776,382,0.045963177105769
1017,776,566,0
1018,776,867,0.0341224375822067
1019,776,1012,0
1020,776,2624,0
1021,776,26119,0.00798957701709138
1022,776,29763,0
1023,776,5538,0
1024,776,5879,0.0419041827258932
1025,776,6441,0.00537224198795275
1026,776,124912,0
1027,776,11037,0
1028,776,85439,0
1029,776,9765,0.00399478850854569
1030,781,784,0
1031,781,785,0
1032,781,6355,0
1033,781,1139,0
1034,781,1447,0
1035,781,10316,0
1036,781,56923,0
1037,781,4852,0
1038,781,84876,0
1039,781,5350,0
1040,781,6261,0
1041,781,6263,0
1042,781,6546,0
1043,781,6588,0
1044,781,6786,0
1045,781,57620,0
1046,781,7220,0
1047,781,7222,0
1048,781,7223,0
1049,781,7224,0
1050,781,7226,0
1051,781,56302,0
1052,781,197,0
1053,781,1175,0
1054,781,382,0
1055,781,566,0
1056,781,867,0
1057,781,1012,0
1058,781,2624,0
1059,781,26119,0
1060,781,29763,0
1061,781,5538,0.25
1062,781,5879,0
1063,781,6441,0
1064,781,124912,0
1065,781,11037,0
1066,781,85439,0
1067,781,9765,0.5
1068,784,785,0.333744329966645
1069,784,6355,0.031679591158288
1070,784,1139,0.0395921929654124
1071,784,1447,0.0359492142047045
1072,784,10316,0.00312047033040413
1073,784,56923,0.00312047033040413
1074,784,4852,0.0543864085999883
1075,784,84876,0.0720321620692413
1076,784,5350,0.189907433470386
1077,784,6261,0.127831737003328
1078,784,6263,0.120557151454741
1079,784,6546,0.214363797169427
1080,784,6588,0
1081,784,6786,0.0899297060358742
1082,784,57620,0.0853203242769002
1083,784,7220,0.0686126017716988
1084,784,7222,0
1085,784,7223,0
1086,784,7224,0
1087,784,7226,0.279478231700833
1088,784,56302,0.0577207693111055
1089,784,197,0
1090,784,1175,0.0246933407138995
1091,784,382,0.0354422281050794
1092,784,566,0
1093,784,867,0.0306924858228366
1094,784,1012,0
1095,784,2624,0
1096,784,26119,0.0130708705352345
1097,784,29763,0
1098,784,5538,0
1099,784,5879,0.0413793065771843
1100,784,6441,0.0165750404529463
1101,784,124912,0
1102,784,11037,0
1103,784,85439,0
1104,784,9765,0.00653543526761727
1105,785,6355,0.031679591158288
1106,785,1139,0.0395921929654124
1107,785,1447,0.0359492142047045
1108,785,10316,0.00312047033040413
1109,785,56923,0.00312047033040413
1110,785,4852,0.0543864085999883
1111,785,84876,0.0720321620692413
1112,785,5350,0.189907433470386
1113,785,6261,0.127831737003328
1114,785,6263,0.120557151454741
1115,785,6546,0.214363797169427
1116,785,6588,0
1117,785,6786,0.0899297060358742
1118,785,57620,0.0853203242769002
1119,785,7220,0.0686126017716988
1120,785,7222,0
1121,785,7223,0
1122,785,7224,0
1123,785,7226,0.279478231700833
1124,785,56302,0.0577207693111055
1125,785,197,0
1126,785,1175,0.0246933407138995
1127,785,382,0.0354422281050794
1128,785,566,0
1129,785,867,0.0306924858228366
1130,785,1012,0
1131,785,2624,0
1132,785,26119,0.0130708705352345
1133,785,29763,0
1134,785,5538,0
1135,785,5879,0.0413793065771843
1136,785,6441,0.0165750404529463
1137,785,124912,0
1138,785,11037,0
1139,785,85439,0
1140,785,9765,0.00653543526761727
1141,6355,1139,0.0303028881555669
1142,6355,1447,0.0808958738474157
1143,6355,10316,0.00764651773449119
1144,6355,56923,0.00764651773449119
1145,6355,4852,0.053020034913194
1146,6355,84876,0.0468814484334689
1147,6355,5350,0.0480527918496624
1148,6355,6261,0.053492472721332
1149,6355,6263,0.0452953446267079
1150,6355,6546,0.0196193792989756
1151,6355,6588,0
1152,6355,6786,0.051540480388211
1153,6355,57620,0.0275413924310983
1154,6355,7220,0.0632108567448219
1155,6355,7222,0
1156,6355,7223,0
1157,6355,7224,0
1158,6355,7226,0.0661170980319916
1159,6355,56302,0.0243362831858407
1160,6355,197,0
1161,6355,1175,0.0190663817894773
1162,6355,382,0.0739442920437105
1163,6355,566,0
1164,6355,867,0.0680538513563708
1165,6355,1012,0
1166,6355,2624,0
1167,6355,26119,0.0466382386810631
1168,6355,29763,0
1169,6355,5538,0
1170,6355,5879,0.0633300075514464
1171,6355,6441,0.00292397660818713
1172,6355,124912,0
1173,6355,11037,0
1174,6355,85439,0
1175,6355,9765,0.0233191193405315
1176,1139,1447,0.0266123556222514
1177,1139,10316,0.262741069447353
1178,1139,56923,0.262741069447353
1179,1139,4852,0.0527602947972124
1180,1139,84876,0.108566632712708
1181,1139,5350,0.105340370941734
1182,1139,6261,0.138879676167626
1183,1139,6263,0.121091977109286
1184,1139,6546,0.056235296154721
1185,1139,6588,0
1186,1139,6786,0.166114790154407
1187,1139,57620,0.270193519282462
1188,1139,7220,0.0914009179943455
1189,1139,7222,0
1190,1139,7223,0
1191,1139,7224,0
1192,1139,7226,0.093399058166857
1193,1139,56302,0.0364074690424515
1194,1139,197,0
1195,1139,1175,0.0204018535554523
1196,1139,382,0.0245621457341867
1197,1139,566,0
1198,1139,867,0.0185344213521191
1199,1139,1012,0
1200,1139,2624,0
1201,1139,26119,0.00684162214596997
1202,1139,29763,0
1203,1139,5538,0
1204,1139,5879,0.0204983824837325
1205,1139,6441,0.000598802395209581
1206,1139,124912,0
1207,1139,11037,0
1208,1139,85439,0
1209,1139,9765,0.00342081107298499
1210,1447,10316,0.0146198830409357
1211,1447,56923,0.0146198830409357
1212,1447,4852,0.0784202016297871
1213,1447,84876,0.0473203402605793
1214,1447,5350,0.0659344247508715
1215,1447,6261,0.0440487808608346
1216,1447,6263,0.0248674444518363
1217,1447,6546,0.0172297334999468
1218,1447,6588,0
1219,1447,6786,0.0506406805211586
1220,1447,57620,0.00398406374501992
1221,1447,7220,0.0166196111411466
1222,1447,7222,0
1223,1447,7223,0
1224,1447,7224,0
1225,1447,7226,0.089622641509434
1226,1447,56302,0.00840336134453781
1227,1447,197,0
1228,1447,1175,0.00386762478843127
1229,1447,382,0.0759404914117218
1230,1447,566,0
1231,1447,867,0.129398715620329
1232,1447,1012,0
1233,1447,2624,0
1234,1447,26119,0.00706713780918728
1235,1447,29763,0
1236,1447,5538,0
1237,1447,5879,0.0821555735545772
1238,1447,6441,0
1239,1447,124912,0
1240,1447,11037,0
1241,1447,85439,0
1242,1447,9765,0.00353356890459364
1243,10316,56923,1
1244,10316,4852,0.0468062542256706
1245,10316,84876,0.0713818424566088
1246,10316,5350,0.0554536532632382
1247,10316,6261,0.0536485424841648
1248,10316,6263,0.0454651371219287
1249,10316,6546,0.0232347573553448
1250,10316,6588,0
1251,10316,6786,0.0878571428571429
1252,10316,57620,0.160714285714286
1253,10316,7220,0.0406468011346296
1254,10316,7222,0
1255,10316,7223,0
1256,10316,7224,0
1257,10316,7226,0.0023094688221709
1258,10316,56302,0.00623052959501558
1259,10316,197,0
1260,10316,1175,0.00575852734298685
1261,10316,382,0.00612266631261142
1262,10316,566,0
1263,10316,867,0.00560321013352467
1264,10316,1012,0
1265,10316,2624,0
1266,10316,26119,0.010351966873706
1267,10316,29763,0
1268,10316,5538,0
1269,10316,5879,0.00721385759268685
1270,10316,6441,0
1271,10316,124912,0
1272,10316,11037,0
1273,10316,85439,0
1274,10316,9765,0.005175983436853
1275,56923,4852,0.0468062542256706
1276,56923,84876,0.0713818424566088
1277,56923,5350,0.0554536532632382
1278,56923,6261,0.0536485424841648
1279,56923,6263,0.0454651371219287
1280,56923,6546,0.0232347573553448
1281,56923,6588,0
1282,56923,6786,0.0878571428571429
1283,56923,57620,0.160714285714286
1284,56923,7220,0.0406468011346296
1285,56923,7222,0
1286,56923,7223,0
1287,56923,7224,0
1288,56923,7226,0.0023094688221709
1289,56923,56302,0.00623052959501558
1290,56923,197,0
1291,56923,1175,0.00575852734298685
1292,56923,382,0.00612266631261142
1293,56923,566,0
1294,56923,867,0.00560321013352467
1295,56923,1012,0
1296,56923,2624,0
1297,56923,26119,0.010351966873706
1298,56923,29763,0
1299,56923,5538,0
1300,56923,5879,0.00721385759268685
1301,56923,6441,0
1302,56923,124912,0
1303,56923,11037,0
1304,56923,85439,0
1305,56923,9765,0.005175983436853
1306,4852,84876,0.131581896226625
1307,4852,5350,0.13620062564264
1308,4852,6261,0.0825807674368172
1309,4852,6263,0.0766405208585636
1310,4852,6546,0.0467576867466794
1311,4852,6588,0
1312,4852,6786,0.0669647717955583
1313,4852,57620,0.0695303795367802
1314,4852,7220,0.0686486360721964
1315,4852,7222,0
1316,4852,7223,0
1317,4852,7224,0
1318,4852,7226,0.106880950075838
1319,4852,56302,0.0274808770383992
1320,4852,197,0
1321,4852,1175,0.0149239700113
1322,4852,382,0.0472868499649529
1323,4852,566,0
1324,4852,867,0.0473241161217232
1325,4852,1012,0
1326,4852,2624,0
1327,4852,26119,0.00659746657283603
1328,4852,29763,0
1329,4852,5538,0
1330,4852,5879,0.0509315512664803
1331,4852,6441,0.00242971482378262
1332,4852,124912,0
1333,4852,11037,0
1334,4852,85439,0
1335,4852,9765,0.00329873328641802
1336,84876,5350,0.188007822500102
1337,84876,6261,0.172187258194705
1338,84876,6263,0.155749812041666
1339,84876,6546,0.0881350307996046
1340,84876,6588,0
1341,84876,6786,0.317707470923584
1342,84876,57620,0.319361239802087
1343,84876,7220,0.0906239985083994
1344,84876,7222,0
1345,84876,7223,0
1346,84876,7224,0
1347,84876,7226,0.161752479023646
1348,84876,56302,0.0565045203493426
1349,84876,197,0
1350,84876,1175,0.0241438044978965
1351,84876,382,0.0481461650691904
1352,84876,566,0
1353,84876,867,0.0373666445298245
1354,84876,1012,0
1355,84876,2624,0
1356,84876,26119,0.0142005301727387
1357,84876,29763,0
1358,84876,5538,0
1359,84876,5879,0.0480207546513691
1360,84876,6441,0.00945736318592302
1361,84876,124912,0
1362,84876,11037,0
1363,84876,85439,0
1364,84876,9765,0.00710026508636936
1365,5350,6261,0.178767462583953
1366,5350,6263,0.174047783541256
1367,5350,6546,0.18404096962164
1368,5350,6588,0
1369,5350,6786,0.214596425896073
1370,5350,57620,0.286606149417286
1371,5350,7220,0.102507972676675
1372,5350,7222,0
1373,5350,7223,0
1374,5350,7224,0
1375,5350,7226,0.208703803210219
1376,5350,56302,0.0992004951931107
1377,5350,197,0
1378,5350,1175,0.0371409177915635
1379,5350,382,0.0478966612930912
1380,5350,566,0
1381,5350,867,0.0463807689508684
1382,5350,1012,0
1383,5350,2624,0
1384,5350,26119,0.0127851534953835
1385,5350,29763,0
1386,5350,5538,0
1387,5350,5879,0.0533281204355335
1388,5350,6441,0.00906482663492137
1389,5350,124912,0
1390,5350,11037,0
1391,5350,85439,0
1392,5350,9765,0.00639257674769174
1393,6261,6263,0.29212906702805
1394,6261,6546,0.105686473917483
1395,6261,6588,0
1396,6261,6786,0.270049472929469
1397,6261,57620,0.364918096327102
1398,6261,7220,0.182253719361223
1399,6261,7222,0
1400,6261,7223,0
1401,6261,7224,0
1402,6261,7226,0.41019370483931
1403,6261,56302,0.0912468566682133
1404,6261,197,0
1405,6261,1175,0.0336869186455184
1406,6261,382,0.0535236633220098
1407,6261,566,0
1408,6261,867,0.0364079832899274
1409,6261,1012,0
1410,6261,2624,0
1411,6261,26119,0.00975721494933752
1412,6261,29763,0
1413,6261,5538,0
1414,6261,5879,0.0425498492073092
1415,6261,6441,0.00451530733189648
1416,6261,124912,0
1417,6261,11037,0
1418,6261,85439,0
1419,6261,9765,0.00487860747466876
1420,6263,6546,0.110671513218776
1421,6263,6588,0
1422,6263,6786,0.237685392789162
1423,6263,57620,0.334826467402409
1424,6263,7220,0.157571776984894
1425,6263,7222,0
1426,6263,7223,0
1427,6263,7224,0
1428,6263,7226,0.341190050020292
1429,6263,56302,0.103802791256263
1430,6263,197,0
1431,6263,1175,0.0542605462929572
1432,6263,382,0.0383055404274847
1433,6263,566,0
1434,6263,867,0.0269876177633175
1435,6263,1012,0
1436,6263,2624,0
1437,6263,26119,0.00832975719932242
1438,6263,29763,0
1439,6263,5538,0
1440,6263,5879,0.0339416295371678
1441,6263,6441,0.00411845656983475
1442,6263,124912,0
1443,6263,11037,0
1444,6263,85439,0
1445,6263,9765,0.00416487859966121
1446,6546,6588,0
1447,6546,6786,0.122986010881022
1448,6546,57620,0.167816596830002
1449,6546,7220,0.0694648011491733
1450,6546,7222,0
1451,6546,7223,0
1452,6546,7224,0
1453,6546,7226,0.135185531748994
1454,6546,56302,0.169660914014426
1455,6546,197,0
1456,6546,1175,0.0568274605381693
1457,6546,382,0.0180769036732626
1458,6546,566,0
1459,6546,867,0.0177594925366063
1460,6546,1012,0
1461,6546,2624,0
1462,6546,26119,0.011300926331706
1463,6546,29763,0
1464,6546,5538,0
1465,6546,5879,0.0245281477823357
1466,6546,6441,0.0107730989955928
1467,6546,124912,0
1468,6546,11037,0
1469,6546,85439,0
1470,6546,9765,0.00565046316585302
1471,6588,6786,0
1472,6588,57620,0
1473,6588,7220,0
1474,6588,7222,0
1475,6588,7223,0
1476,6588,7224,0
1477,6588,7226,0
1478,6588,56302,0
1479,6588,197,0
1480,6588,1175,0
1481,6588,382,0
1482,6588,566,0
1483,6588,867,0
1484,6588,1012,0
1485,6588,2624,0
1486,6588,26119,0
1487,6588,29763,0
1488,6588,5538,0.25
1489,6588,5879,0
1490,6588,6441,0
1491,6588,124912,0
1492,6588,11037,0
1493,6588,85439,0
1494,6588,9765,0.5
1495,6786,57620,0.555357142857143
1496,6786,7220,0.126610282726836
1497,6786,7222,0
1498,6786,7223,0
1499,6786,7224,0
1500,6786,7226,0.225171624713959
1501,6786,56302,0.0762125039021483
1502,6786,197,0
1503,6786,1175,0.0324922622507854
1504,6786,382,0.0543002922109463
1505,6786,566,0
1506,6786,867,0.038046854582376
1507,6786,1012,0
1508,6786,2624,0
1509,6786,26119,0.017764241658047
1510,6786,29763,0
1511,6786,5538,0
1512,6786,5879,0.0487844556464272
1513,6786,6441,0.0122112917023097
1514,6786,124912,0
1515,6786,11037,0
1516,6786,85439,0
1517,6786,9765,0.00888212082902348
1518,57620,7220,0.124747441544496
1519,57620,7222,0
1520,57620,7223,0
1521,57620,7224,0
1522,57620,7226,0.189473684210526
1523,57620,56302,0.0805687203791469
1524,57620,197,0
1525,57620,1175,0.0386161558789895
1526,57620,382,0.034763063649074
1527,57620,566,0
1528,57620,867,0.020914404902987
1529,57620,1012,0
1530,57620,2624,0
1531,57620,26119,0.0207792207792208
1532,57620,29763,0
1533,57620,5538,0
1534,57620,5879,0.0266552332797668
1535,57620,6441,0.0029940119760479
1536,57620,124912,0
1537,57620,11037,0
1538,57620,85439,0
1539,57620,9765,0.0103896103896104
1540,7220,7222,0
1541,7220,7223,0
1542,7220,7224,0
1543,7220,7226,0.165636401444262
1544,7220,56302,0.122749110646569
1545,7220,197,0
1546,7220,1175,0.0428412716537683
1547,7220,382,0.0540672331984636
1548,7220,566,0
1549,7220,867,0.0196152452913392
1550,7220,1012,0
1551,7220,2624,0
1552,7220,26119,0.00729661165024167
1553,7220,29763,0
1554,7220,5538,0
1555,7220,5879,0.0396215330612463
1556,7220,6441,0.00133333333333333
1557,7220,124912,0
1558,7220,11037,0
1559,7220,85439,0
1560,7220,9765,0.00364830582512084
1561,7222,7223,0
1562,7222,7224,0
1563,7222,7226,0
1564,7222,56302,0
1565,7222,197,0
1566,7222,1175,0
1567,7222,382,0
1568,7222,566,0
1569,7222,867,0
1570,7222,1012,0
1571,7222,2624,0
1572,7222,26119,0
1573,7222,29763,0
1574,7222,5538,0.25
1575,7222,5879,0
1576,7222,6441,0
1577,7222,124912,0
1578,7222,11037,0
1579,7222,85439,0
1580,7222,9765,0.5
1581,7223,7224,0
1582,7223,7226,0
1583,7223,56302,0
1584,7223,197,0
1585,7223,1175,0
1586,7223,382,0
1587,7223,566,0
1588,7223,867,0
1589,7223,1012,0
1590,7223,2624,0
1591,7223,26119,0
1592,7223,29763,0
1593,7223,5538,0.25
1594,7223,5879,0
1595,7223,6441,0
1596,7223,124912,0
1597,7223,11037,0
1598,7223,85439,0
1599,7223,9765,0.5
1600,7224,7226,0
1601,7224,56302,0
1602,7224,197,0
1603,7224,1175,0
1604,7224,382,0
1605,7224,566,0
1606,7224,867,0
1607,7224,1012,0
1608,7224,2624,0
1609,7224,26119,0
1610,7224,29763,0
1611,7224,5538,0.25
1612,7224,5879,0
1613,7224,6441,0
1614,7224,124912,0
1615,7224,11037,0
1616,7224,85439,0
1617,7224,9765,0.5
1618,7226,56302,0.078125
1619,7226,197,0
1620,7226,1175,0.0265839014199548
1621,7226,382,0.0699650174912544
1622,7226,566,0
1623,7226,867,0.0660652758095268
1624,7226,1012,0
1625,7226,2624,0
1626,7226,26119,0.0108695652173913
1627,7226,29763,0
1628,7226,5538,0
1629,7226,5879,0.0666978072780922
1630,7226,6441,0.00641025641025641
1631,7226,124912,0
1632,7226,11037,0
1633,7226,85439,0
1634,7226,9765,0.00543478260869565
1635,56302,197,0
1636,56302,1175,0.308826371215351
1637,56302,382,0.036023763100351
1638,56302,566,0
1639,56302,867,0.0193417094224652
1640,56302,1012,0
1641,56302,2624,0
1642,56302,26119,0.0524193548387097
1643,56302,29763,0
1644,56302,5538,0
1645,56302,5879,0.0182241723436343
1646,56302,6441,0
1647,56302,124912,0
1648,56302,11037,0
1649,56302,85439,0
1650,56302,9765,0.0262096774193548
1651,197,1175,0
1652,197,382,0
1653,197,566,0
1654,197,867,0
1655,197,1012,0
1656,197,2624,0
1657,197,26119,0
1658,197,29763,0
1659,197,5538,0.25
1660,197,5879,0
1661,197,6441,0
1662,197,124912,0
1663,197,11037,0
1664,197,85439,0
1665,197,9765,0.5
1666,1175,382,0.106253978288559
1667,1175,566,0
1668,1175,867,0.0414075202299887
1669,1175,1012,0
1670,1175,2624,0
1671,1175,26119,0.280135981370543
1672,1175,29763,0
1673,1175,5538,0
1674,1175,5879,0.014607874889119
1675,1175,6441,0.0386421090646443
1676,1175,124912,0
1677,1175,11037,0
1678,1175,85439,0
1679,1175,9765,0.140067990685272
1680,382,566,0
1681,382,867,0.102661027516617
1682,382,1012,0
1683,382,2624,0
1684,382,26119,0.362514220705347
1685,382,29763,0
1686,382,5538,0
1687,382,5879,0.0804034655008211
1688,382,6441,0.0240579360065406
1689,382,124912,0
1690,382,11037,0
1691,382,85439,0
1692,382,9765,0.181257110352674
1693,566,867,0
1694,566,1012,0
1695,566,2624,0
1696,566,26119,0
1697,566,29763,0
1698,566,5538,0.25
1699,566,5879,0
1700,566,6441,0
1701,566,124912,0
1702,566,11037,0
1703,566,85439,0
1704,566,9765,0.5
1705,867,1012,0
1706,867,2624,0
1707,867,26119,0.127908130338254
1708,867,29763,0
1709,867,5538,0.1
1710,867,5879,0.0828273716656297
1711,867,6441,0.00659321245270101
1712,867,124912,0
1713,867,11037,0
1714,867,85439,0
1715,867,9765,0.113954065169127
1716,1012,2624,0
1717,1012,26119,0
1718,1012,29763,0
1719,1012,5538,0.25
1720,1012,5879,0
1721,1012,6441,0
1722,1012,124912,0
1723,1012,11037,0
1724,1012,85439,0
1725,1012,9765,0.5
1726,2624,26119,0
1727,2624,29763,0
1728,2624,5538,0.25
1729,2624,5879,0
1730,2624,6441,0
1731,2624,124912,0
1732,2624,11037,0
1733,2624,85439,0
1734,2624,9765,0.5
1735,26119,29763,0
1736,26119,5538,0
1737,26119,5879,0.0216526172321124
1738,26119,6441,0.0366197183098592
1739,26119,124912,0
1740,26119,11037,0
1741,26119,85439,0
1742,26119,9765,0.5
1743,29763,5538,0.25
1744,29763,5879,0
1745,29763,6441,0
1746,29763,124912,0
1747,29763,11037,0
1748,29763,85439,0
1749,29763,9765,0.5
1750,5538,5879,0.243243243243243
1751,5538,6441,0
1752,5538,124912,0.25
1753,5538,11037,0.25
1754,5538,85439,0.25
1755,5538,9765,0.5
1756,5879,6441,0.0467156413382755
1757,5879,124912,0
1758,5879,11037,0
1759,5879,85439,0
1760,5879,9765,0.132447930237678
1761,6441,124912,0
1762,6441,11037,0
1763,6441,85439,0
1764,6441,9765,0.0183098591549296
1765,124912,11037,0
1766,124912,85439,0
1767,124912,9765,0.5
1768,11037,85439,0
1769,11037,9765,0.5
1770,85439,9765,0.5
